{"metadata":{"asset_id":"61e171f9-6123-44e2-a53f-4ca32ccd46fa","asset_attributes":["wml_model"],"name":"Heart-Disease-Prediction - P8 Gradient Boosting Classifier - Model","asset_type":"wml_model","created_at":"2023-10-22T06:06:02Z","origin_country":"us","owner_id":"IBMid-6950005Y8O","project_id":"1ad38531-b4e3-42d6-8ea2-3cc1a5b37d19","sandbox_id":"1ad38531-b4e3-42d6-8ea2-3cc1a5b37d19","size":47716,"tags":[],"usage":{"last_update_time":1697954764700,"last_updated_at":"2023-10-22T06:06:04Z"}},"entity":{"wml_model":{"data_asset_dependencies":["ca6621fb-8512-4551-ab7b-b1adfca1abd3"],"hybrid_pipeline_software_specs":[{"base_id":"125b6d9a-5b1f-5e8d-972a-b251688ccf40","name":"autoai-kb_rt22.2-py3.10"}],"data_preprocessing":[{"input":{"columns":14,"rows":297},"output":{"columns":14,"rows":297},"props":{"duplicated_rows_count":0},"stage":"cleansing"}],"label_column":"condition","pipeline":{"id":"69cd6efc-71a5-4ae1-88be-40b8febdf7a0"},"training_id":"1c3cd04a-cbcb-4e30-afa0-ad5a0a72ad07","metrics":[{"context":{"binary_classification":{"confusion_matrix":[{"fn":2,"fp":2,"tn":12,"tp":14,"true_class":"0"},{"fn":2,"fp":2,"tn":14,"tp":12,"true_class":"1"}],"roc_curve":[{"fpr":[0,0,0,0.14285714285714285,0.14285714285714285,1],"thresholds":[1.9485349655151367,0.9485349655151367,0.6703898906707764,0.568759560585022,0.4558439552783966,0.050400957465171814],"tpr":[0,0.0625,0.8125,0.8125,1,1],"true_class":"0"},{"fpr":[0,0,0,0.0625,0.0625,0.1875,0.1875,1],"thresholds":[1.948453664779663,0.9484536647796631,0.8031219244003296,0.704331636428833,0.6981675624847412,0.4420221745967865,0.4212704002857208,0.03244422748684883],"tpr":[0,0.07142857142857142,0.7857142857142857,0.7857142857142857,0.8571428571428571,0.8571428571428571,1,1],"true_class":"1"}]},"classes":["0","1"],"features_importance":[{"computation_type":"","features":{"oldpeak":0.29,"trestbps":0.18,"fbs":0,"age":0.36,"sex":0.11,"restecg":0.05,"slope":0.06,"ca":0.44,"thal":1,"chol":0.23,"exang":0.11,"cp":0.64,"thalach":0.32},"stage":"Mean"}],"intermediate_model":{"composition_steps":["Split_TrainingHoldout","TrainingDataset_full_267_13","Datetime_FE","TrainingDataset_full_267_13","Preprocessor_default","DAUB","hpo_d","cognito","hpo_c"],"duration":28077,"location":{"model":"auto_ml/6c09992d-620b-42e2-a826-39140f99313b/wml_data/1c3cd04a-cbcb-4e30-afa0-ad5a0a72ad07/data/automl/hpo_c_output/Pipeline5/model.pickle","pipeline":"auto_ml/6c09992d-620b-42e2-a826-39140f99313b/wml_data/1c3cd04a-cbcb-4e30-afa0-ad5a0a72ad07/data/automl/hpo_c_output/Pipeline5/pipeline.json","pipeline_model":"auto_ml/6c09992d-620b-42e2-a826-39140f99313b/wml_data/1c3cd04a-cbcb-4e30-afa0-ad5a0a72ad07/data/automl/hpo_c_output/Pipeline5/pipeline-model.json"},"name":"P8","notebook_location":"auto_ml/6c09992d-620b-42e2-a826-39140f99313b/wml_data/1c3cd04a-cbcb-4e30-afa0-ad5a0a72ad07/data/automl/hpo_c_output/Pipeline5/notebook.ipynb","pipeline_nodes":["PreprocessingTransformer","GradientBoostingClassifier"],"process":"hpo_c_output","schema_location":"auto_ml/6c09992d-620b-42e2-a826-39140f99313b/wml_data/1c3cd04a-cbcb-4e30-afa0-ad5a0a72ad07/data/automl/hpo_c_output/Pipeline5/schema.json"},"phase":"hpo_c_output","prediction_type":"classification","target_column":"condition"},"ml_metrics":{"training_roc_auc":0.8971883468834688,"holdout_average_precision":0.9685075953458304,"holdout_neg_log_loss":-0.26090226759696894,"training_accuracy":0.8426966292134832,"holdout_roc_auc":0.96875,"training_balanced_accuracy":0.8381605691056911,"training_f1":0.817637639164252,"holdout_precision":0.8571428571428571,"training_average_precision":0.8869145031844772,"training_neg_log_loss":-0.40379738970432627,"holdout_recall":0.8571428571428571,"training_precision":0.8655105505699733,"holdout_accuracy":0.8666666666666667,"holdout_balanced_accuracy":0.8660714285714286,"training_recall":0.7804878048780489,"holdout_f1":0.8571428571428571},"timestamp":"2023-10-22T05:42:18.000Z"}],"ml_version":"4.0.19","type":"wml-hybrid_0.1","schemas":{"input":[{"fields":[{"name":"age","type":"integer"},{"name":"sex","type":"integer"},{"name":"cp","type":"integer"},{"name":"trestbps","type":"integer"},{"name":"chol","type":"integer"},{"name":"fbs","type":"integer"},{"name":"restecg","type":"integer"},{"name":"thalach","type":"integer"},{"name":"exang","type":"integer"},{"name":"oldpeak","type":"double"},{"name":"slope","type":"integer"},{"name":"ca","type":"integer"},{"name":"thal","type":"integer"}],"id":"auto_ai_kb_input_schema"}],"output":[]},"content_location":{"connection":{},"contents":[{"content_format":"pipeline-node","file_name":"P8_automl.zip","location":"auto_ml/6c09992d-620b-42e2-a826-39140f99313b/wml_data/1c3cd04a-cbcb-4e30-afa0-ad5a0a72ad07/assets/1c3cd04a-cbcb-4e30-afa0-ad5a0a72ad07_P8_hpo_c_output/resources/wml_model/P8_automl.zip","pipeline_node_id":"automl"},{"content_format":"native","file_name":"pipeline_model.json","location":"auto_ml/6c09992d-620b-42e2-a826-39140f99313b/wml_data/1c3cd04a-cbcb-4e30-afa0-ad5a0a72ad07/assets/1c3cd04a-cbcb-4e30-afa0-ad5a0a72ad07_P8_hpo_c_output/resources/wml_model/pipeline_model.json"}],"location":{"path":"auto_ml/6c09992d-620b-42e2-a826-39140f99313b/wml_data","notebooks_path":"auto_ml/6c09992d-620b-42e2-a826-39140f99313b/wml_data/1c3cd04a-cbcb-4e30-afa0-ad5a0a72ad07/notebooks","training":"auto_ml/6c09992d-620b-42e2-a826-39140f99313b/wml_data/1c3cd04a-cbcb-4e30-afa0-ad5a0a72ad07","training_status":"auto_ml/6c09992d-620b-42e2-a826-39140f99313b/wml_data/1c3cd04a-cbcb-4e30-afa0-ad5a0a72ad07/training-status.json","assets_path":"auto_ml/6c09992d-620b-42e2-a826-39140f99313b/wml_data/1c3cd04a-cbcb-4e30-afa0-ad5a0a72ad07/assets"},"type":"container"},"training_data_references":[{"connection":{},"id":"heart-disease-data.csv","location":{"href":"/v2/assets/ca6621fb-8512-4551-ab7b-b1adfca1abd3?project_id=1ad38531-b4e3-42d6-8ea2-3cc1a5b37d19","id":"ca6621fb-8512-4551-ab7b-b1adfca1abd3","project_id":"1ad38531-b4e3-42d6-8ea2-3cc1a5b37d19","userfs":"false"},"schema":{"fields":[{"name":"age","type":"integer"},{"name":"sex","type":"integer"},{"name":"cp","type":"integer"},{"name":"trestbps","type":"integer"},{"name":"chol","type":"integer"},{"name":"fbs","type":"integer"},{"name":"restecg","type":"integer"},{"name":"thalach","type":"integer"},{"name":"exang","type":"integer"},{"name":"oldpeak","type":"double"},{"name":"slope","type":"integer"},{"name":"ca","type":"integer"},{"name":"thal","type":"integer"},{"name":"condition","type":"integer"}],"id":"auto_ai_kb_input_schema"},"type":"data_asset"}],"software_spec":{"base_id":"8c1a58c6-62b5-4dc4-987a-df751c2756b6","name":"hybrid_0.1"},"content_import_state":"completed","test_data_references":[]},"location_definition":{"physical_location_code_assignment_method":"INFERRED","physical_location_code":"FRA","physical_location_code_assigned_by":"IBMid-6950005Y8O","physical_location_code_added_on":"1697954763126","physical_location_code_rds_version":"00002023-1022-4045-8216-721785000000_4","physical_location_code_rds_id":"c57cb90f-2126-3800-9c9f-9eab82021cdf"}},"attachments":[{"id":"47faef3c-4d7c-46ea-946c-8c0b2b42ae61","version":2,"asset_type":"wml_model","name":"P8_automl.zip","datasource_type":"193a97c1-4475-4a19-b90c-295c4fdc6517","creator_id":"IBMid-6950005Y8O","create_time":1697954763127,"size":45701,"is_remote":false,"is_managed":true,"is_referenced":false,"is_object_key_read_only":false,"is_user_provided_path_key":false,"transfer_complete":true,"is_partitioned":false,"complete_time_ticks":1697954765066,"user_data":{"content_format":"pipeline-node","pipeline_node_id":"automl"},"test_doc":0,"handle":{"bucket":"heartdiseasepred-donotdelete-pr-ul98gwrkwpnnj1","location":"eu-de","type":"bluemix_cos","key":"8968e43e-fc87-4800-a947-79b7cdea567e/61e171f9-6123-44e2-a53f-4ca32ccd46fa/47faef3c-4d7c-46ea-946c-8c0b2b42ae61","upload_id":"done","max_part_num":1},"usage":{"access_count":1,"last_accessor_id":"IBMid-6950005Y8O","last_access_time":1697954765066,"last_updater_id":"IBMid-6950005Y8O","last_update_time":1697954765066}},{"id":"18fdee19-32e7-4ba3-8e85-28c07ddc2523","version":2,"asset_type":"wml_model","name":"pipeline_model.json","datasource_type":"193a97c1-4475-4a19-b90c-295c4fdc6517","creator_id":"IBMid-6950005Y8O","create_time":1697954763468,"size":2015,"is_remote":false,"is_managed":true,"is_referenced":false,"is_object_key_read_only":false,"is_user_provided_path_key":false,"transfer_complete":true,"is_partitioned":false,"complete_time_ticks":1697954765550,"user_data":{"content_format":"native"},"test_doc":0,"handle":{"bucket":"heartdiseasepred-donotdelete-pr-ul98gwrkwpnnj1","location":"eu-de","type":"bluemix_cos","key":"8968e43e-fc87-4800-a947-79b7cdea567e/61e171f9-6123-44e2-a53f-4ca32ccd46fa/18fdee19-32e7-4ba3-8e85-28c07ddc2523","upload_id":"done","max_part_num":1},"usage":{"access_count":1,"last_accessor_id":"IBMid-6950005Y8O","last_access_time":1697954765550,"last_updater_id":"IBMid-6950005Y8O","last_update_time":1697954765550}}]}
