{"metadata":{"asset_id":"69cd6efc-71a5-4ae1-88be-40b8febdf7a0","asset_attributes":["wml_pipeline"],"name":"Heart-Disease-Prediction","asset_type":"wml_pipeline","created_at":"2023-10-22T05:40:52Z","origin_country":"us","owner_id":"IBMid-6950005Y8O","project_id":"1ad38531-b4e3-42d6-8ea2-3cc1a5b37d19","sandbox_id":"1ad38531-b4e3-42d6-8ea2-3cc1a5b37d19","size":0,"tags":["dsx-project.1ad38531-b4e3-42d6-8ea2-3cc1a5b37d19"],"usage":{"last_update_time":1697953252119,"last_updated_at":"2023-10-22T05:40:52Z"}},"entity":{"wml_pipeline":{"document":{"doc_type":"pipeline","pipelines":[{"id":"autoai","nodes":[{"id":"automl","op":"kube","parameters":{"output_logs":true,"input_file_separator":",","stage_flag":true,"optimization":{"compute_pipeline_notebooks_flag":true,"cv_num_folds":3,"daub_adaptive_subsampling_max_mem_usage":15000000000,"daub_include_only_estimators":["RandomForestClassifierEstimator","GradientBoostingClassifierEstimator","SnapSVMClassifierEstimator"],"global_stage_include_batched_ensemble_estimators":[],"holdout_param":0.1,"label":"condition","learning_type":"classification","max_num_daub_ensembles":3,"positive_label":1,"run_cognito_flag":true,"scorer_for_ranking":"accuracy"},"n_parallel_data_connections":4,"one_vs_all_file":true},"runtime_ref":"autoai","type":"execution_node"}],"runtime_ref":"hybrid"}],"primary_pipeline":"autoai","runtimes":[{"app_data":{"wml_data":{"hardware_spec":{"base_id":"a6c4923b-b8e4-444c-9f43-8a7ec3020110","name":"L"}}},"id":"autoai","name":"auto_ai.kb"}],"version":"2.0"},"ml_version":"4.0.5"}}}
